labels,tot number of session,tot sessions duration (hrs),social media data usage (MBs),google data usage (MBs),Email data usage (MBs),youtube data usage (MBs),netflix data usage (MBs),gaming apps data usage (MBs),other apps data usage (MBs),tot downloaded data (MBs),tot uploaded data (MBs),tot data usage (MBs)
little engagement,1.0068714419752518,27.431899026604633,1.7402348701228985,7.427070392362532,2.160016917158976,21.562192010152277,21.52020215739514,209.2157112139621,409.6588853785073,232.338193591903,39.25125641945861,271.6030039073246
large engagement,2.152465858987561,44.38577709568349,3.46399818428648,14.154942889779818,4.099980414450766,40.34895812744222,40.612311394223376,812.5700500744564,807.52262255239,852.6153862926342,72.17606181541646,916.1060626862705
medium engagement,1.019709455490335,27.965451756110053,1.8061351038905045,7.623535428011402,2.205966772054058,22.074717936235896,21.99191693287748,611.6987178154615,423.5935557981324,633.9566246838417,39.87670079056631,672.2537918246667
