,Avg RTT Data (ms),Avg Bearer TP Data (kbps),TCP Data Retrans. Vol (MBs)
0,77.02131045409008,26927.44781312249,0.8869457412190704
1,47.85859120991801,1841.743955098822,1.1132856212528215
2,78.37131502912352,21653.93022897579,5.545131259573776
